ACC-150,ACC-101
AHS-170,AHS-104
AOT-134,AOT-110
AOT-134,CPT-179
ART-211,ARV-123
ARV-213,ARV-212
ARV-205,ARV-123
BKP-181,BKP-102
CET-205,EGR-290
CET-205,EGT-152
CET-215,EGR-194
CET-204,MAT-170
CET-204,EGT-151
CGC-110,ARV-123
COS-131,COS-132
COS-131,COS-133
COS-131,COS-136
COS-131,COS-137
COS-132,COS-131
COS-132,COS-133
COS-132,COS-136
COS-132,COS-137
COS-133,COS-131
COS-133,COS-132
COS-133,COS-136
COS-133,COS-137
COS-136,COS-131
COS-136,COS-132
COS-136,COS-133
COS-136,COS-137
COS-151,COS-156
COS-156,COS-151
COS-156,COS-172
COS-172,COS-151
COS-172,COS-156
COS-137,COS-131
COS-137,COS-132
COS-137,COS-133
COS-137,COS-136
COS-158,COS-151
COS-158,COS-156
COS-158,COS-172
COS-221,COS-158
DAT-185,ENG-101
DAT-177,DAT-122
DAT-177,PSY-201
ECE-205,ECE-221
EEM-113,ENG-101
EEM-163,MAT-033
EEM-167,ENG-101
EEM-173,ENG-101
EEM-173,ENG-101
EGR-275,MAT-110
EGT-151,MAT-101
EGT-270,EGT-251
EGT-115,EGT-152
EGT-220,EGT-252
EMS-234,EMS-211
EMS-234,EMS-221
EMS-234,EMS-117
EMS-103,EMS-212
EMS-108,EMS-219
EMS-212,EMS-110
EMS-219,EMS-111
EMS-235,EMS-214
EMS-235,EMS-222
EMS-235,EMS-218
EMS-236,EMS-214
EMS-236,EMS-222
EMS-233,EMS-211
EMS-233,EMS-221
EMS-233,EMS-119
HIM-163,HIM-120
HIM-216,HIM-135
HIM-140,HIM-135
HOS-146,HOS-157
HOS-157,HOS-140
HOS-294,HOS-159
HOS-294,HOS-262
HUS-270,HUS-251
IMT-124,IMT-151
IMT-151,IMT-124
MAP-190,ARV-217
MED-135,MED-102
MLT-109,MLT-101
MTT-243,MTT-255
MTT-255,MTT-243
MTT-258,MTT-260
MTT-260,MTT-258
MTT-251,MTT-250
MTT-251,MTT-253
MTT-253,MTT-250
RES-235,RES-253
RES-150,RES-111
RES-150,RES-140
RES-150,RES-243
RES-254,RES-205
RES-110,RES-121
RES-121,RES-110
RES-210,RES-152
RES-210,RES-150
RES-220,RES-152
RES-220,RES-210
TDR-101,TDR-104
TDR-102,TDR-103
TDR-102,TDR-105
TDR-103,TDR-102
TDR-103,TDR-105
TDR-105,TDR-102
TDR-105,TDR-103
VET-280,VET-170
VET-140,VET-142
VET-142,VET-140
WLD-114,WLD-113
LEG-214,ENG-101
LEG-214,LEG-135
LEG-214,LEG-201
LEG-233,ENG-101
LEG-233,LEG-135
LEG-233,LEG-201
LEG-120,ENG-101
LEG-120,LEG-135
LEG-230,ENG-101
LEG-230,LEG-132
LEG-230,LEG-135
LEG-213,ENG-101
LEG-213,LEG-201
LEG-240,LEG-201
EET-113,MAT-110
